"ID","STD ABBR","STD NAME","DST ABBR","DST NAME","GMT offset","DST adjustment","DST Start Date rule","Start time","DST End date rule","End time"
"Africa/Abidjan","GMT","GMT","","","+00:00:00","+00:00:00","","","","+00:00:00"
"Africa/Accra","GMT","GMT","","","+00:00:00","+00:00:00","","","","+00:00:00"
"Africa/Addis_Ababa","EAT","EAT","","","+03:00:00","+00:00:00","","","","+00:00:00"
"Africa/Algiers","CET","CET","","","+01:00:00","+00:00:00","","","","+00:00:00"
"Africa/Asmara","EAT","EAT","","","+03:00:00","+00:00:00","","","","+00:00:00"
"Africa/Bamako","GMT","GMT","","","+00:00:00","+00:00:00","","","","+00:00:00"
"Africa/Bangui","WAT","WAT","","","+01:00:00","+00:00:00","","","","+00:00:00"
"Africa/Banjul","GMT","GMT","","","+00:00:00","+00:00:00","","","","+00:00:00"
"Africa/Bissau","GMT","GMT","","","+00:00:00","+00:00:00","","","","+00:00:00"
"Africa/Blantyre","CAT","CAT","","","+02:00:00","+00:00:00","","","","+00:00:00"
"Africa/Brazzaville","WAT","WAT","","","+01:00:00","+00:00:00","","","","+00:00:00"
"Africa/Bujumbura","CAT","CAT","","","+02:00:00","+00:00:00","","","","+00:00:00"
"Africa/Cairo","EET","EET","EEST","EEST","+02:00:00","+01:00:00","-1;5;4","+00:00:00","-1;4;10","+00:00:00"
"Africa/Casablanca","+01","+01","+00","+00","+01:00:00","-01:00:00","-1;0;2","+02:00:00","1;0;4","+03:00:00"
"Africa/Ceuta","CET","CET","CEST","CEST","+01:00:00","+01:00:00","-1;0;3","+02:00:00","-1;0;10","+03:00:00"
"Africa/Conakry","GMT","GMT","","","+00:00:00","+00:00:00","","","","+00:00:00"
"Africa/Dakar","GMT","GMT","","","+00:00:00","+00:00:00","","","","+00:00:00"
"Africa/Dar_es_Salaam","EAT","EAT","","","+03:00:00","+00:00:00","","","","+00:00:00"
"Africa/Djibouti","EAT","EAT","","","+03:00:00","+00:00:00","","","","+00:00:00"
"Africa/Douala","WAT","WAT","","","+01:00:00","+00:00:00","","","","+00:00:00"
"Africa/El_Aaiun","+01","+01","+00","+00","+01:00:00","-01:00:00","-1;0;2","+02:00:00","1;0;4","+03:00:00"
"Africa/Freetown","GMT","GMT","","","+00:00:00","+00:00:00","","","","+00:00:00"
"Africa/Gaborone","CAT","CAT","","","+02:00:00","+00:00:00","","","","+00:00:00"
"Africa/Harare","CAT","CAT","","","+02:00:00","+00:00:00","","","","+00:00:00"
"Africa/Johannesburg","SAST","SAST","","","+02:00:00","+00:00:00","","","","+00:00:00"
"Africa/Juba","CAT","CAT","","","+02:00:00","+00:00:00","","","","+00:00:00"
"Africa/Kampala","EAT","EAT","","","+03:00:00","+00:00:00","","","","+00:00:00"
"Africa/Khartoum","CAT","CAT","","","+02:00:00","+00:00:00","","","","+00:00:00"
"Africa/Kigali","CAT","CAT","","","+02:00:00","+00:00:00","","","","+00:00:00"
"Africa/Kinshasa","WAT","WAT","","","+01:00:00","+00:00:00","","","","+00:00:00"
"Africa/Lagos","WAT","WAT","","","+01:00:00","+00:00:00","","","","+00:00:00"
"Africa/Libreville","WAT","WAT","","","+01:00:00","+00:00:00","","","","+00:00:00"
"Africa/Lome","GMT","GMT","","","+00:00:00","+00:00:00","","","","+00:00:00"
"Africa/Luanda","WAT","WAT","","","+01:00:00","+00:00:00","","","","+00:00:00"
"Africa/Lubumbashi","CAT","CAT","","","+02:00:00","+00:00:00","","","","+00:00:00"
"Africa/Lusaka","CAT","CAT","","","+02:00:00","+00:00:00","","","","+00:00:00"
"Africa/Malabo","WAT","WAT","","","+01:00:00","+00:00:00","","","","+00:00:00"
"Africa/Maputo","CAT","CAT","","","+02:00:00","+00:00:00","","","","+00:00:00"
"Africa/Maseru","SAST","SAST","","","+02:00:00","+00:00:00","","","","+00:00:00"
"Africa/Mbabane","SAST","SAST","","","+02:00:00","+00:00:00","","","","+00:00:00"
"Africa/Mogadishu","EAT","EAT","","","+03:00:00","+00:00:00","","","","+00:00:00"
"Africa/Monrovia","GMT","GMT","","","+00:00:00","+00:00:00","","","","+00:00:00"
"Africa/Nairobi","EAT","EAT","","","+03:00:00","+00:00:00","","","","+00:00:00"
"Africa/Ndjamena","WAT","WAT","","","+01:00:00","+00:00:00","","","","+00:00:00"
"Africa/Niamey","WAT","WAT","","","+01:00:00","+00:00:00","","","","+00:00:00"
"Africa/Nouakchott","GMT","GMT","","","+00:00:00","+00:00:00","","","","+00:00:00"
"Africa/Ouagadougou","GMT","GMT","","","+00:00:00","+00:00:00","","","","+00:00:00"
"Africa/Porto-Novo","WAT","WAT","","","+01:00:00","+00:00:00","","","","+00:00:00"
"Africa/Sao_Tome","GMT","GMT","","","+00:00:00","+00:00:00","","","","+00:00:00"
"Africa/Tripoli","EET","EET","","","+02:00:00","+00:00:00","","","","+00:00:00"
"Africa/Tunis","CET","CET","","","+01:00:00","+00:00:00","","","","+00:00:00"
"Africa/Windhoek","CAT","CAT","","","+02:00:00","+00:00:00","","","","+00:00:00"
"America/Adak","HST","HST","HDT","HDT","-10:00:00","+01:00:00","2;0;3","+02:00:00","1;0;11","+02:00:00"
"America/Anchorage","AKST","AKST","AKDT","AKDT","-09:00:00","+01:00:00","2;0;3","+02:00:00","1;0;11","+02:00:00"
"America/Anguilla","AST","AST","","","-04:00:00","+00:00:00","","","","+00:00:00"
"America/Antigua","AST","AST","","","-04:00:00","+00:00:00","","","","+00:00:00"
"America/Araguaina","-03","-03","","","-03:00:00","+00:00:00","","","","+00:00:00"
"America/Argentina/Buenos_Aires","-03","-03","","","-03:00:00","+00:00:00","","","","+00:00:00"
"America/Argentina/Catamarca","-03","-03","","","-03:00:00","+00:00:00","","","","+00:00:00"
"America/Argentina/Cordoba","-03","-03","","","-03:00:00","+00:00:00","","","","+00:00:00"
"America/Argentina/Jujuy","-03","-03","","","-03:00:00","+00:00:00","","","","+00:00:00"
"America/Argentina/La_Rioja","-03","-03","","","-03:00:00","+00:00:00","","","","+00:00:00"
"America/Argentina/Mendoza","-03","-03","","","-03:00:00","+00:00:00","","","","+00:00:00"
"America/Argentina/Rio_Gallegos","-03","-03","","","-03:00:00","+00:00:00","","","","+00:00:00"
"America/Argentina/Salta","-03","-03","","","-03:00:00","+00:00:00","","","","+00:00:00"
"America/Argentina/San_Juan","-03","-03","","","-03:00:00","+00:00:00","","","","+00:00:00"
"America/Argentina/San_Luis","-03","-03","","","-03:00:00","+00:00:00","","","","+00:00:00"
"America/Argentina/Tucuman","-03","-03","","","-03:00:00","+00:00:00","","","","+00:00:00"
"America/Argentina/Ushuaia","-03","-03","","","-03:00:00","+00:00:00","","","","+00:00:00"
"America/Aruba","AST","AST","","","-04:00:00","+00:00:00","","","","+00:00:00"
"America/Asuncion","-03","-03","","","-03:00:00","+00:00:00","","","","+00:00:00"
"America/Atikokan","EST","EST","","","-05:00:00","+00:00:00","","","","+00:00:00"
"America/Bahia","-03","-03","","","-03:00:00","+00:00:00","","","","+00:00:00"
"America/Bahia_Banderas","CST","CST","","","-06:00:00","+00:00:00","","","","+00:00:00"
"America/Barbados","AST","AST","","","-04:00:00","+00:00:00","","","","+00:00:00"
"America/Belem","-03","-03","","","-03:00:00","+00:00:00","","","","+00:00:00"
"America/Belize","CST","CST","","","-06:00:00","+00:00:00","","","","+00:00:00"
"America/Blanc-Sablon","AST","AST","","","-04:00:00","+00:00:00","","","","+00:00:00"
"America/Boa_Vista","-04","-04","","","-04:00:00","+00:00:00","","","","+00:00:00"
"America/Bogota","-05","-05","","","-05:00:00","+00:00:00","","","","+00:00:00"
"America/Boise","MST","MST","MDT","MDT","-07:00:00","+01:00:00","2;0;3","+02:00:00","1;0;11","+02:00:00"
"America/Cambridge_Bay","MST","MST","MDT","MDT","-07:00:00","+01:00:00","2;0;3","+02:00:00","1;0;11","+02:00:00"
"America/Campo_Grande","-04","-04","","","-04:00:00","+00:00:00","","","","+00:00:00"
"America/Cancun","EST","EST","","","-05:00:00","+00:00:00","","","","+00:00:00"
"America/Caracas","-04","-04","","","-04:00:00","+00:00:00","","","","+00:00:00"
"America/Cayenne","-03","-03","","","-03:00:00","+00:00:00","","","","+00:00:00"
"America/Cayman","EST","EST","","","-05:00:00","+00:00:00","","","","+00:00:00"
"America/Chicago","CST","CST","CDT","CDT","-06:00:00","+01:00:00","2;0;3","+02:00:00","1;0;11","+02:00:00"
"America/Chihuahua","CST","CST","","","-06:00:00","+00:00:00","","","","+00:00:00"
"America/Ciudad_Juarez","MST","MST","MDT","MDT","-07:00:00","+01:00:00","2;0;3","+02:00:00","1;0;11","+02:00:00"
"America/Costa_Rica","CST","CST","","","-06:00:00","+00:00:00","","","","+00:00:00"
"America/Coyhaique","-03","-03","","","-03:00:00","+00:00:00","","","","+00:00:00"
"America/Creston","MST","MST","","","-07:00:00","+00:00:00","","","","+00:00:00"
"America/Cuiaba","-04","-04","","","-04:00:00","+00:00:00","","","","+00:00:00"
"America/Curacao","AST","AST","","","-04:00:00","+00:00:00","","","","+00:00:00"
"America/Danmarkshavn","GMT","GMT","","","+00:00:00","+00:00:00","","","","+00:00:00"
"America/Dawson","MST","MST","","","-07:00:00","+00:00:00","","","","+00:00:00"
"America/Dawson_Creek","MST","MST","","","-07:00:00","+00:00:00","","","","+00:00:00"
"America/Denver","MST","MST","MDT","MDT","-07:00:00","+01:00:00","2;0;3","+02:00:00","1;0;11","+02:00:00"
"America/Detroit","EST","EST","EDT","EDT","-05:00:00","+01:00:00","2;0;3","+02:00:00","1;0;11","+02:00:00"
"America/Dominica","AST","AST","","","-04:00:00","+00:00:00","","","","+00:00:00"
"America/Edmonton","MST","MST","MDT","MDT","-07:00:00","+01:00:00","2;0;3","+02:00:00","1;0;11","+02:00:00"
"America/Eirunepe","-05","-05","","","-05:00:00","+00:00:00","","","","+00:00:00"
"America/El_Salvador","CST","CST","","","-06:00:00","+00:00:00","","","","+00:00:00"
"America/Fortaleza","-03","-03","","","-03:00:00","+00:00:00","","","","+00:00:00"
"America/Fort_Nelson","MST","MST","","","-07:00:00","+00:00:00","","","","+00:00:00"
"America/Glace_Bay","AST","AST","ADT","ADT","-04:00:00","+01:00:00","2;0;3","+02:00:00","1;0;11","+02:00:00"
"America/Goose_Bay","AST","AST","ADT","ADT","-04:00:00","+01:00:00","2;0;3","+02:00:00","1;0;11","+02:00:00"
"America/Grand_Turk","EST","EST","EDT","EDT","-05:00:00","+01:00:00","2;0;3","+02:00:00","1;0;11","+02:00:00"
"America/Grenada","AST","AST","","","-04:00:00","+00:00:00","","","","+00:00:00"
"America/Guadeloupe","AST","AST","","","-04:00:00","+00:00:00","","","","+00:00:00"
"America/Guatemala","CST","CST","","","-06:00:00","+00:00:00","","","","+00:00:00"
"America/Guayaquil","-05","-05","","","-05:00:00","+00:00:00","","","","+00:00:00"
"America/Guyana","-04","-04","","","-04:00:00","+00:00:00","","","","+00:00:00"
"America/Halifax","AST","AST","ADT","ADT","-04:00:00","+01:00:00","2;0;3","+02:00:00","1;0;11","+02:00:00"
"America/Havana","CST","CST","CDT","CDT","-05:00:00","+01:00:00","2;0;3","+00:00:00","1;0;11","+01:00:00"
"America/Hermosillo","MST","MST","","","-07:00:00","+00:00:00","","","","+00:00:00"
"America/Indiana/Indianapolis","EST","EST","EDT","EDT","-05:00:00","+01:00:00","2;0;3","+02:00:00","1;0;11","+02:00:00"
"America/Indiana/Knox","CST","CST","CDT","CDT","-06:00:00","+01:00:00","2;0;3","+02:00:00","1;0;11","+02:00:00"
"America/Indiana/Marengo","EST","EST","EDT","EDT","-05:00:00","+01:00:00","2;0;3","+02:00:00","1;0;11","+02:00:00"
"America/Indiana/Petersburg","EST","EST","EDT","EDT","-05:00:00","+01:00:00","2;0;3","+02:00:00","1;0;11","+02:00:00"
"America/Indiana/Tell_City","CST","CST","CDT","CDT","-06:00:00","+01:00:00","2;0;3","+02:00:00","1;0;11","+02:00:00"
"America/Indiana/Vevay","EST","EST","EDT","EDT","-05:00:00","+01:00:00","2;0;3","+02:00:00","1;0;11","+02:00:00"
"America/Indiana/Vincennes","EST","EST","EDT","EDT","-05:00:00","+01:00:00","2;0;3","+02:00:00","1;0;11","+02:00:00"
"America/Indiana/Winamac","EST","EST","EDT","EDT","-05:00:00","+01:00:00","2;0;3","+02:00:00","1;0;11","+02:00:00"
"America/Inuvik","MST","MST","MDT","MDT","-07:00:00","+01:00:00","2;0;3","+02:00:00","1;0;11","+02:00:00"
"America/Iqaluit","EST","EST","EDT","EDT","-05:00:00","+01:00:00","2;0;3","+02:00:00","1;0;11","+02:00:00"
"America/Jamaica","EST","EST","","","-05:00:00","+00:00:00","","","","+00:00:00"
"America/Juneau","AKST","AKST","AKDT","AKDT","-09:00:00","+01:00:00","2;0;3","+02:00:00","1;0;11","+02:00:00"
"America/Kentucky/Louisville","EST","EST","EDT","EDT","-05:00:00","+01:00:00","2;0;3","+02:00:00","1;0;11","+02:00:00"
"America/Kentucky/Monticello","EST","EST","EDT","EDT","-05:00:00","+01:00:00","2;0;3","+02:00:00","1;0;11","+02:00:00"
"America/La_Paz","-04","-04","","","-04:00:00","+00:00:00","","","","+00:00:00"
"America/Lima","-05","-05","","","-05:00:00","+00:00:00","","","","+00:00:00"
"America/Los_Angeles","PST","PST","PDT","PDT","-08:00:00","+01:00:00","2;0;3","+02:00:00","1;0;11","+02:00:00"
"America/Maceio","-03","-03","","","-03:00:00","+00:00:00","","","","+00:00:00"
"America/Managua","CST","CST","","","-06:00:00","+00:00:00","","","","+00:00:00"
"America/Manaus","-04","-04","","","-04:00:00","+00:00:00","","","","+00:00:00"
"America/Martinique","AST","AST","","","-04:00:00","+00:00:00","","","","+00:00:00"
"America/Matamoros","CST","CST","CDT","CDT","-06:00:00","+01:00:00","2;0;3","+02:00:00","1;0;11","+02:00:00"
"America/Mazatlan","MST","MST","","","-07:00:00","+00:00:00","","","","+00:00:00"
"America/Menominee","CST","CST","CDT","CDT","-06:00:00","+01:00:00","2;0;3","+02:00:00","1;0;11","+02:00:00"
"America/Merida","CST","CST","","","-06:00:00","+00:00:00","","","","+00:00:00"
"America/Metlakatla","AKST","AKST","AKDT","AKDT","-09:00:00","+01:00:00","2;0;3","+02:00:00","1;0;11","+02:00:00"
"America/Mexico_City","CST","CST","","","-06:00:00","+00:00:00","","","","+00:00:00"
"America/Miquelon","-03","-03","-02","-02","-03:00:00","+01:00:00","2;0;3","+02:00:00","1;0;11","+02:00:00"
"America/Moncton","AST","AST","ADT","ADT","-04:00:00","+01:00:00","2;0;3","+02:00:00","1;0;11","+02:00:00"
"America/Monterrey","CST","CST","","","-06:00:00","+00:00:00","","","","+00:00:00"
"America/Montevideo","-03","-03","","","-03:00:00","+00:00:00","","","","+00:00:00"
"America/Montserrat","AST","AST","","","-04:00:00","+00:00:00","","","","+00:00:00"
"America/Nassau","EST","EST","EDT","EDT","-05:00:00","+01:00:00","2;0;3","+02:00:00","1;0;11","+02:00:00"
"America/New_York","EST","EST","EDT","EDT","-05:00:00","+01:00:00","2;0;3","+02:00:00","1;0;11","+02:00:00"
"America/Nome","AKST","AKST","AKDT","AKDT","-09:00:00","+01:00:00","2;0;3","+02:00:00","1;0;11","+02:00:00"
"America/Noronha","-02","-02","","","-02:00:00","+00:00:00","","","","+00:00:00"
"America/North_Dakota/Beulah","CST","CST","CDT","CDT","-06:00:00","+01:00:00","2;0;3","+02:00:00","1;0;11","+02:00:00"
"America/North_Dakota/Center","CST","CST","CDT","CDT","-06:00:00","+01:00:00","2;0;3","+02:00:00","1;0;11","+02:00:00"
"America/North_Dakota/New_Salem","CST","CST","CDT","CDT","-06:00:00","+01:00:00","2;0;3","+02:00:00","1;0;11","+02:00:00"
"America/Nuuk","-02","-02","-01","-01","-02:00:00","+01:00:00","-1;0;3","+23:00:00","-1;0;10","+00:00:00"
"America/Ojinaga","CST","CST","CDT","CDT","-06:00:00","+01:00:00","2;0;3","+02:00:00","1;0;11","+02:00:00"
"America/Panama","EST","EST","","","-05:00:00","+00:00:00","","","","+00:00:00"
"America/Paramaribo","-03","-03","","","-03:00:00","+00:00:00","","","","+00:00:00"
"America/Phoenix","MST","MST","","","-07:00:00","+00:00:00","","","","+00:00:00"
"America/Port-au-Prince","EST","EST","EDT","EDT","-05:00:00","+01:00:00","2;0;3","+02:00:00","1;0;11","+02:00:00"
"America/Port_of_Spain","AST","AST","","","-04:00:00","+00:00:00","","","","+00:00:00"
"America/Porto_Velho","-04","-04","","","-04:00:00","+00:00:00","","","","+00:00:00"
"America/Puerto_Rico","AST","AST","","","-04:00:00","+00:00:00","","","","+00:00:00"
"America/Punta_Arenas","-03","-03","","","-03:00:00","+00:00:00","","","","+00:00:00"
"America/Rankin_Inlet","CST","CST","CDT","CDT","-06:00:00","+01:00:00","2;0;3","+02:00:00","1;0;11","+02:00:00"
"America/Recife","-03","-03","","","-03:00:00","+00:00:00","","","","+00:00:00"
"America/Regina","CST","CST","","","-06:00:00","+00:00:00","","","","+00:00:00"
"America/Resolute","CST","CST","CDT","CDT","-06:00:00","+01:00:00","2;0;3","+02:00:00","1;0;11","+02:00:00"
"America/Rio_Branco","-05","-05","","","-05:00:00","+00:00:00","","","","+00:00:00"
"America/Santarem","-03","-03","","","-03:00:00","+00:00:00","","","","+00:00:00"
"America/Santiago","-04","-04","-03","-03","-04:00:00","+01:00:00","1;0;9","+23:00:00","1;0;4","+01:00:00"
"America/Santo_Domingo","AST","AST","","","-04:00:00","+00:00:00","","","","+00:00:00"
"America/Sao_Paulo","-03","-03","","","-03:00:00","+00:00:00","","","","+00:00:00"
"America/Scoresbysund","-02","-02","-01","-01","-02:00:00","+01:00:00","-1;0;3","+23:00:00","-1;0;10","+00:00:00"
"America/Sitka","AKST","AKST","AKDT","AKDT","-09:00:00","+01:00:00","2;0;3","+02:00:00","1;0;11","+02:00:00"
"America/St_Johns","NST","NST","NDT","NDT","-03:30:00","+01:00:00","2;0;3","+02:00:00","1;0;11","+02:00:00"
"America/St_Kitts","AST","AST","","","-04:00:00","+00:00:00","","","","+00:00:00"
"America/St_Lucia","AST","AST","","","-04:00:00","+00:00:00","","","","+00:00:00"
"America/St_Thomas","AST","AST","","","-04:00:00","+00:00:00","","","","+00:00:00"
"America/St_Vincent","AST","AST","","","-04:00:00","+00:00:00","","","","+00:00:00"
"America/Swift_Current","CST","CST","","","-06:00:00","+00:00:00","","","","+00:00:00"
"America/Tegucigalpa","CST","CST","","","-06:00:00","+00:00:00","","","","+00:00:00"
"America/Thule","AST","AST","ADT","ADT","-04:00:00","+01:00:00","2;0;3","+02:00:00","1;0;11","+02:00:00"
"America/Tijuana","PST","PST","PDT","PDT","-08:00:00","+01:00:00","2;0;3","+02:00:00","1;0;11","+02:00:00"
"America/Toronto","EST","EST","EDT","EDT","-05:00:00","+01:00:00","2;0;3","+02:00:00","1;0;11","+02:00:00"
"America/Tortola","AST","AST","","","-04:00:00","+00:00:00","","","","+00:00:00"
"America/Vancouver","PST","PST","PDT","PDT","-08:00:00","+01:00:00","2;0;3","+02:00:00","1;0;11","+02:00:00"
"America/Whitehorse","MST","MST","","","-07:00:00","+00:00:00","","","","+00:00:00"
"America/Winnipeg","CST","CST","CDT","CDT","-06:00:00","+01:00:00","2;0;3","+02:00:00","1;0;11","+02:00:00"
"America/Yakutat","AKST","AKST","AKDT","AKDT","-09:00:00","+01:00:00","2;0;3","+02:00:00","1;0;11","+02:00:00"
"Antarctica/Casey","+08","+08","","","+08:00:00","+00:00:00","","","","+00:00:00"
"Antarctica/Davis","+07","+07","","","+07:00:00","+00:00:00","","","","+00:00:00"
"Antarctica/DumontDUrville","+10","+10","","","+10:00:00","+00:00:00","","","","+00:00:00"
"Antarctica/Macquarie","AEST","AEST","AEDT","AEDT","+10:00:00","+01:00:00","1;0;10","+02:00:00","1;0;4","+03:00:00"
"Antarctica/Mawson","+05","+05","","","+05:00:00","+00:00:00","","","","+00:00:00"
"Antarctica/McMurdo","NZST","NZST","NZDT","NZDT","+12:00:00","+01:00:00","-1;0;9","+02:00:00","1;0;4","+03:00:00"
"Antarctica/Palmer","-03","-03","","","-03:00:00","+00:00:00","","","","+00:00:00"
"Antarctica/Rothera","-03","-03","","","-03:00:00","+00:00:00","","","","+00:00:00"
"Antarctica/Syowa","+03","+03","","","+03:00:00","+00:00:00","","","","+00:00:00"
"Antarctica/Troll","+00","+00","+02","+02","+00:00:00","+02:00:00","-1;0;3","+01:00:00","-1;0;10","+03:00:00"
"Antarctica/Vostok","+05","+05","","","+05:00:00","+00:00:00","","","","+00:00:00"
"Asia/Aden","+03","+03","","","+03:00:00","+00:00:00","","","","+00:00:00"
"Asia/Almaty","+05","+05","","","+05:00:00","+00:00:00","","","","+00:00:00"
"Asia/Amman","+03","+03","","","+03:00:00","+00:00:00","","","","+00:00:00"
"Asia/Anadyr","+12","+12","","","+12:00:00","+00:00:00","","","","+00:00:00"
"Asia/Aqtau","+05","+05","","","+05:00:00","+00:00:00","","","","+00:00:00"
"Asia/Aqtobe","+05","+05","","","+05:00:00","+00:00:00","","","","+00:00:00"
"Asia/Ashgabat","+05","+05","","","+05:00:00","+00:00:00","","","","+00:00:00"
"Asia/Atyrau","+05","+05","","","+05:00:00","+00:00:00","","","","+00:00:00"
"Asia/Baghdad","+03","+03","","","+03:00:00","+00:00:00","","","","+00:00:00"
"Asia/Bahrain","+03","+03","","","+03:00:00","+00:00:00","","","","+00:00:00"
"Asia/Baku","+04","+04","","","+04:00:00","+00:00:00","","","","+00:00:00"
"Asia/Bangkok","+07","+07","","","+07:00:00","+00:00:00","","","","+00:00:00"
"Asia/Barnaul","+07","+07","","","+07:00:00","+00:00:00","","","","+00:00:00"
"Asia/Beirut","EET","EET","EEST","EEST","+02:00:00","+01:00:00","-1;0;3","+00:00:00","-1;6;10","+00:00:00"
"Asia/Bishkek","+06","+06","","","+06:00:00","+00:00:00","","","","+00:00:00"
"Asia/Brunei","+08","+08","","","+08:00:00","+00:00:00","","","","+00:00:00"
"Asia/Chita","+09","+09","","","+09:00:00","+00:00:00","","","","+00:00:00"
"Asia/Colombo","+0530","+0530","","","+05:30:00","+00:00:00","","","","+00:00:00"
"Asia/Damascus","+03","+03","","","+03:00:00","+00:00:00","","","","+00:00:00"
"Asia/Dhaka","+06","+06","","","+06:00:00","+00:00:00","","","","+00:00:00"
"Asia/Dili","+09","+09","","","+09:00:00","+00:00:00","","","","+00:00:00"
"Asia/Dubai","+04","+04","","","+04:00:00","+00:00:00","","","","+00:00:00"
"Asia/Dushanbe","+05","+05","","","+05:00:00","+00:00:00","","","","+00:00:00"
"Asia/Famagusta","EET","EET","EEST","EEST","+02:00:00","+01:00:00","-1;0;3","+03:00:00","-1;0;10","+04:00:00"
"Asia/Gaza","EET","EET","EEST","EEST","+02:00:00","+01:00:00","2;6;4","+02:00:00","-1;6;10","+02:00:00"
"Asia/Hebron","EET","EET","EEST","EEST","+02:00:00","+01:00:00","2;6;4","+02:00:00","-1;6;10","+02:00:00"
"Asia/Ho_Chi_Minh","+07","+07","","","+07:00:00","+00:00:00","","","","+00:00:00"
"Asia/Hong_Kong","HKT","HKT","","","+08:00:00","+00:00:00","","","","+00:00:00"
"Asia/Hovd","+07","+07","","","+07:00:00","+00:00:00","","","","+00:00:00"
"Asia/Irkutsk","+08","+08","","","+08:00:00","+00:00:00","","","","+00:00:00"
"Asia/Jakarta","WIB","WIB","","","+07:00:00","+00:00:00","","","","+00:00:00"
"Asia/Jayapura","WIT","WIT","","","+09:00:00","+00:00:00","","","","+00:00:00"
"Asia/Jerusalem","IST","IST","IDT","IDT","+02:00:00","+01:00:00","-1;5;3","+02:00:00","-1;0;10","+02:00:00"
"Asia/Kabul","+0430","+0430","","","+04:30:00","+00:00:00","","","","+00:00:00"
"Asia/Kamchatka","+12","+12","","","+12:00:00","+00:00:00","","","","+00:00:00"
"Asia/Karachi","PKT","PKT","","","+05:00:00","+00:00:00","","","","+00:00:00"
"Asia/Kathmandu","+0545","+0545","","","+05:45:00","+00:00:00","","","","+00:00:00"
"Asia/Khandyga","+09","+09","","","+09:00:00","+00:00:00","","","","+00:00:00"
"Asia/Kolkata","IST","IST","","","+05:30:00","+00:00:00","","","","+00:00:00"
"Asia/Krasnoyarsk","+07","+07","","","+07:00:00","+00:00:00","","","","+00:00:00"
"Asia/Kuala_Lumpur","+08","+08","","","+08:00:00","+00:00:00","","","","+00:00:00"
"Asia/Kuching","+08","+08","","","+08:00:00","+00:00:00","","","","+00:00:00"
"Asia/Kuwait","+03","+03","","","+03:00:00","+00:00:00","","","","+00:00:00"
"Asia/Macau","CST","CST","","","+08:00:00","+00:00:00","","","","+00:00:00"
"Asia/Magadan","+11","+11","","","+11:00:00","+00:00:00","","","","+00:00:00"
"Asia/Makassar","WITA","WITA","","","+08:00:00","+00:00:00","","","","+00:00:00"
"Asia/Manila","PST","PST","","","+08:00:00","+00:00:00","","","","+00:00:00"
"Asia/Muscat","+04","+04","","","+04:00:00","+00:00:00","","","","+00:00:00"
"Asia/Nicosia","EET","EET","EEST","EEST","+02:00:00","+01:00:00","-1;0;3","+03:00:00","-1;0;10","+04:00:00"
"Asia/Novokuznetsk","+07","+07","","","+07:00:00","+00:00:00","","","","+00:00:00"
"Asia/Novosibirsk","+07","+07","","","+07:00:00","+00:00:00","","","","+00:00:00"
"Asia/Omsk","+06","+06","","","+06:00:00","+00:00:00","","","","+00:00:00"
"Asia/Oral","+05","+05","","","+05:00:00","+00:00:00","","","","+00:00:00"
"Asia/Phnom_Penh","+07","+07","","","+07:00:00","+00:00:00","","","","+00:00:00"
"Asia/Pontianak","WIB","WIB","","","+07:00:00","+00:00:00","","","","+00:00:00"
"Asia/Pyongyang","KST","KST","","","+09:00:00","+00:00:00","","","","+00:00:00"
"Asia/Qatar","+03","+03","","","+03:00:00","+00:00:00","","","","+00:00:00"
"Asia/Qostanay","+05","+05","","","+05:00:00","+00:00:00","","","","+00:00:00"
"Asia/Qyzylorda","+05","+05","","","+05:00:00","+00:00:00","","","","+00:00:00"
"Asia/Riyadh","+03","+03","","","+03:00:00","+00:00:00","","","","+00:00:00"
"Asia/Sakhalin","+11","+11","","","+11:00:00","+00:00:00","","","","+00:00:00"
"Asia/Samarkand","+05","+05","","","+05:00:00","+00:00:00","","","","+00:00:00"
"Asia/Seoul","KST","KST","","","+09:00:00","+00:00:00","","","","+00:00:00"
"Asia/Shanghai","CST","CST","","","+08:00:00","+00:00:00","","","","+00:00:00"
"Asia/Singapore","+08","+08","","","+08:00:00","+00:00:00","","","","+00:00:00"
"Asia/Srednekolymsk","+11","+11","","","+11:00:00","+00:00:00","","","","+00:00:00"
"Asia/Taipei","CST","CST","","","+08:00:00","+00:00:00","","","","+00:00:00"
"Asia/Tashkent","+05","+05","","","+05:00:00","+00:00:00","","","","+00:00:00"
"Asia/Tbilisi","+04","+04","","","+04:00:00","+00:00:00","","","","+00:00:00"
"Asia/Tehran","+0330","+0330","","","+03:30:00","+00:00:00","","","","+00:00:00"
"Asia/Thimphu","+06","+06","","","+06:00:00","+00:00:00","","","","+00:00:00"
"Asia/Tokyo","JST","JST","","","+09:00:00","+00:00:00","","","","+00:00:00"
"Asia/Tomsk","+07","+07","","","+07:00:00","+00:00:00","","","","+00:00:00"
"Asia/Ulaanbaatar","+08","+08","","","+08:00:00","+00:00:00","","","","+00:00:00"
"Asia/Urumqi","+06","+06","","","+06:00:00","+00:00:00","","","","+00:00:00"
"Asia/Ust-Nera","+10","+10","","","+10:00:00","+00:00:00","","","","+00:00:00"
"Asia/Vientiane","+07","+07","","","+07:00:00","+00:00:00","","","","+00:00:00"
"Asia/Vladivostok","+10","+10","","","+10:00:00","+00:00:00","","","","+00:00:00"
"Asia/Yakutsk","+09","+09","","","+09:00:00","+00:00:00","","","","+00:00:00"
"Asia/Yangon","+0630","+0630","","","+06:30:00","+00:00:00","","","","+00:00:00"
"Asia/Yekaterinburg","+05","+05","","","+05:00:00","+00:00:00","","","","+00:00:00"
"Asia/Yerevan","+04","+04","","","+04:00:00","+00:00:00","","","","+00:00:00"
"Atlantic/Azores","-01","-01","+00","+00","-01:00:00","+01:00:00","-1;0;3","+00:00:00","-1;0;10","+01:00:00"
"Atlantic/Bermuda","AST","AST","ADT","ADT","-04:00:00","+01:00:00","2;0;3","+02:00:00","1;0;11","+02:00:00"
"Atlantic/Canary","WET","WET","WEST","WEST","+00:00:00","+01:00:00","-1;0;3","+01:00:00","-1;0;10","+02:00:00"
"Atlantic/Cape_Verde","-01","-01","","","-01:00:00","+00:00:00","","","","+00:00:00"
"Atlantic/Faroe","WET","WET","WEST","WEST","+00:00:00","+01:00:00","-1;0;3","+01:00:00","-1;0;10","+02:00:00"
"Atlantic/Madeira","WET","WET","WEST","WEST","+00:00:00","+01:00:00","-1;0;3","+01:00:00","-1;0;10","+02:00:00"
"Atlantic/Reykjavik","GMT","GMT","","","+00:00:00","+00:00:00","","","","+00:00:00"
"Atlantic/South_Georgia","-02","-02","","","-02:00:00","+00:00:00","","","","+00:00:00"
"Atlantic/Stanley","-03","-03","","","-03:00:00","+00:00:00","","","","+00:00:00"
"Atlantic/St_Helena","GMT","GMT","","","+00:00:00","+00:00:00","","","","+00:00:00"
"Australia/Adelaide","ACST","ACST","ACDT","ACDT","+09:30:00","+01:00:00","1;0;10","+02:00:00","1;0;4","+03:00:00"
"Australia/Brisbane","AEST","AEST","","","+10:00:00","+00:00:00","","","","+00:00:00"
"Australia/Broken_Hill","ACST","ACST","ACDT","ACDT","+09:30:00","+01:00:00","1;0;10","+02:00:00","1;0;4","+03:00:00"
"Australia/Darwin","ACST","ACST","","","+09:30:00","+00:00:00","","","","+00:00:00"
"Australia/Eucla","+0845","+0845","","","+08:45:00","+00:00:00","","","","+00:00:00"
"Australia/Hobart","AEST","AEST","AEDT","AEDT","+10:00:00","+01:00:00","1;0;10","+02:00:00","1;0;4","+03:00:00"
"Australia/Lindeman","AEST","AEST","","","+10:00:00","+00:00:00","","","","+00:00:00"
"Australia/Lord_Howe","+1030","+1030","+11","+11","+10:30:00","+00:30:00","1;0;10","+02:00:00","1;0;4","+02:00:00"
"Australia/Melbourne","AEST","AEST","AEDT","AEDT","+10:00:00","+01:00:00","1;0;10","+02:00:00","1;0;4","+03:00:00"
"Australia/Perth","AWST","AWST","","","+08:00:00","+00:00:00","","","","+00:00:00"
"Australia/Sydney","AEST","AEST","AEDT","AEDT","+10:00:00","+01:00:00","1;0;10","+02:00:00","1;0;4","+03:00:00"
"CET","CET","CET","CEST","CEST","+01:00:00","+01:00:00","-1;0;3","+02:00:00","-1;0;10","+03:00:00"
"CST6CDT","CST","CST","CDT","CDT","-06:00:00","+01:00:00","2;0;3","+02:00:00","1;0;11","+02:00:00"
"EET","EET","EET","EEST","EEST","+02:00:00","+01:00:00","-1;0;3","+03:00:00","-1;0;10","+04:00:00"
"EST","EST","EST","","","-05:00:00","+00:00:00","","","","+00:00:00"
"EST5EDT","EST","EST","EDT","EDT","-05:00:00","+01:00:00","2;0;3","+02:00:00","1;0;11","+02:00:00"
"Etc/GMT","GMT","GMT","","","+00:00:00","+00:00:00","","","","+00:00:00"
"Etc/GMT+1","-01","-01","","","-01:00:00","+00:00:00","","","","+00:00:00"
"Etc/GMT-1","+01","+01","","","+01:00:00","+00:00:00","","","","+00:00:00"
"Etc/GMT+10","-10","-10","","","-10:00:00","+00:00:00","","","","+00:00:00"
"Etc/GMT-10","+10","+10","","","+10:00:00","+00:00:00","","","","+00:00:00"
"Etc/GMT+11","-11","-11","","","-11:00:00","+00:00:00","","","","+00:00:00"
"Etc/GMT-11","+11","+11","","","+11:00:00","+00:00:00","","","","+00:00:00"
"Etc/GMT+12","-12","-12","","","-12:00:00","+00:00:00","","","","+00:00:00"
"Etc/GMT-12","+12","+12","","","+12:00:00","+00:00:00","","","","+00:00:00"
"Etc/GMT-13","+13","+13","","","+13:00:00","+00:00:00","","","","+00:00:00"
"Etc/GMT-14","+14","+14","","","+14:00:00","+00:00:00","","","","+00:00:00"
"Etc/GMT+2","-02","-02","","","-02:00:00","+00:00:00","","","","+00:00:00"
"Etc/GMT-2","+02","+02","","","+02:00:00","+00:00:00","","","","+00:00:00"
"Etc/GMT+3","-03","-03","","","-03:00:00","+00:00:00","","","","+00:00:00"
"Etc/GMT-3","+03","+03","","","+03:00:00","+00:00:00","","","","+00:00:00"
"Etc/GMT+4","-04","-04","","","-04:00:00","+00:00:00","","","","+00:00:00"
"Etc/GMT-4","+04","+04","","","+04:00:00","+00:00:00","","","","+00:00:00"
"Etc/GMT+5","-05","-05","","","-05:00:00","+00:00:00","","","","+00:00:00"
"Etc/GMT-5","+05","+05","","","+05:00:00","+00:00:00","","","","+00:00:00"
"Etc/GMT+6","-06","-06","","","-06:00:00","+00:00:00","","","","+00:00:00"
"Etc/GMT-6","+06","+06","","","+06:00:00","+00:00:00","","","","+00:00:00"
"Etc/GMT+7","-07","-07","","","-07:00:00","+00:00:00","","","","+00:00:00"
"Etc/GMT-7","+07","+07","","","+07:00:00","+00:00:00","","","","+00:00:00"
"Etc/GMT+8","-08","-08","","","-08:00:00","+00:00:00","","","","+00:00:00"
"Etc/GMT-8","+08","+08","","","+08:00:00","+00:00:00","","","","+00:00:00"
"Etc/GMT+9","-09","-09","","","-09:00:00","+00:00:00","","","","+00:00:00"
"Etc/GMT-9","+09","+09","","","+09:00:00","+00:00:00","","","","+00:00:00"
"Etc/UTC","UTC","UTC","","","+00:00:00","+00:00:00","","","","+00:00:00"
"Europe/Amsterdam","CET","CET","CEST","CEST","+01:00:00","+01:00:00","-1;0;3","+02:00:00","-1;0;10","+03:00:00"
"Europe/Andorra","CET","CET","CEST","CEST","+01:00:00","+01:00:00","-1;0;3","+02:00:00","-1;0;10","+03:00:00"
"Europe/Astrakhan","+04","+04","","","+04:00:00","+00:00:00","","","","+00:00:00"
"Europe/Athens","EET","EET","EEST","EEST","+02:00:00","+01:00:00","-1;0;3","+03:00:00","-1;0;10","+04:00:00"
"Europe/Belgrade","CET","CET","CEST","CEST","+01:00:00","+01:00:00","-1;0;3","+02:00:00","-1;0;10","+03:00:00"
"Europe/Berlin","CET","CET","CEST","CEST","+01:00:00","+01:00:00","-1;0;3","+02:00:00","-1;0;10","+03:00:00"
"Europe/Brussels","CET","CET","CEST","CEST","+01:00:00","+01:00:00","-1;0;3","+02:00:00","-1;0;10","+03:00:00"
"Europe/Bucharest","EET","EET","EEST","EEST","+02:00:00","+01:00:00","-1;0;3","+03:00:00","-1;0;10","+04:00:00"
"Europe/Budapest","CET","CET","CEST","CEST","+01:00:00","+01:00:00","-1;0;3","+02:00:00","-1;0;10","+03:00:00"
"Europe/Chisinau","EET","EET","EEST","EEST","+02:00:00","+01:00:00","-1;0;3","+03:00:00","-1;0;10","+02:00:00"
"Europe/Copenhagen","CET","CET","CEST","CEST","+01:00:00","+01:00:00","-1;0;3","+02:00:00","-1;0;10","+03:00:00"
"Europe/Dublin","IST","IST","GMT","GMT","+01:00:00","-01:00:00","-1;0;10","+02:00:00","-1;0;3","+01:00:00"
"Europe/Gibraltar","CET","CET","CEST","CEST","+01:00:00","+01:00:00","-1;0;3","+02:00:00","-1;0;10","+03:00:00"
"Europe/Guernsey","GMT","GMT","BST","BST","+00:00:00","+01:00:00","-1;0;3","+01:00:00","-1;0;10","+02:00:00"
"Europe/Helsinki","EET","EET","EEST","EEST","+02:00:00","+01:00:00","-1;0;3","+03:00:00","-1;0;10","+04:00:00"
"Europe/Isle_of_Man","GMT","GMT","BST","BST","+00:00:00","+01:00:00","-1;0;3","+01:00:00","-1;0;10","+02:00:00"
"Europe/Istanbul","+03","+03","","","+03:00:00","+00:00:00","","","","+00:00:00"
"Europe/Jersey","GMT","GMT","BST","BST","+00:00:00","+01:00:00","-1;0;3","+01:00:00","-1;0;10","+02:00:00"
"Europe/Kaliningrad","EET","EET","","","+02:00:00","+00:00:00","","","","+00:00:00"
"Europe/Kirov","MSK","MSK","","","+03:00:00","+00:00:00","","","","+00:00:00"
"Europe/Kyiv","EET","EET","EEST","EEST","+02:00:00","+01:00:00","-1;0;3","+03:00:00","-1;0;10","+04:00:00"
"Europe/Lisbon","WET","WET","WEST","WEST","+00:00:00","+01:00:00","-1;0;3","+01:00:00","-1;0;10","+02:00:00"
"Europe/Ljubljana","CET","CET","CEST","CEST","+01:00:00","+01:00:00","-1;0;3","+02:00:00","-1;0;10","+03:00:00"
"Europe/London","GMT","GMT","BST","BST","+00:00:00","+01:00:00","-1;0;3","+01:00:00","-1;0;10","+02:00:00"
"Europe/Luxembourg","CET","CET","CEST","CEST","+01:00:00","+01:00:00","-1;0;3","+02:00:00","-1;0;10","+03:00:00"
"Europe/Madrid","CET","CET","CEST","CEST","+01:00:00","+01:00:00","-1;0;3","+02:00:00","-1;0;10","+03:00:00"
"Europe/Malta","CET","CET","CEST","CEST","+01:00:00","+01:00:00","-1;0;3","+02:00:00","-1;0;10","+03:00:00"
"Europe/Minsk","+03","+03","","","+03:00:00","+00:00:00","","","","+00:00:00"
"Europe/Monaco","CET","CET","CEST","CEST","+01:00:00","+01:00:00","-1;0;3","+02:00:00","-1;0;10","+03:00:00"
"Europe/Moscow","MSK","MSK","","","+03:00:00","+00:00:00","","","","+00:00:00"
"Europe/Oslo","CET","CET","CEST","CEST","+01:00:00","+01:00:00","-1;0;3","+02:00:00","-1;0;10","+03:00:00"
"Europe/Paris","CET","CET","CEST","CEST","+01:00:00","+01:00:00","-1;0;3","+02:00:00","-1;0;10","+03:00:00"
"Europe/Prague","CET","CET","CEST","CEST","+01:00:00","+01:00:00","-1;0;3","+02:00:00","-1;0;10","+03:00:00"
"Europe/Riga","EET","EET","EEST","EEST","+02:00:00","+01:00:00","-1;0;3","+03:00:00","-1;0;10","+04:00:00"
"Europe/Rome","CET","CET","CEST","CEST","+01:00:00","+01:00:00","-1;0;3","+02:00:00","-1;0;10","+03:00:00"
"Europe/Samara","+04","+04","","","+04:00:00","+00:00:00","","","","+00:00:00"
"Europe/Sarajevo","CET","CET","CEST","CEST","+01:00:00","+01:00:00","-1;0;3","+02:00:00","-1;0;10","+03:00:00"
"Europe/Saratov","+04","+04","","","+04:00:00","+00:00:00","","","","+00:00:00"
"Europe/Simferopol","MSK","MSK","","","+03:00:00","+00:00:00","","","","+00:00:00"
"Europe/Skopje","CET","CET","CEST","CEST","+01:00:00","+01:00:00","-1;0;3","+02:00:00","-1;0;10","+03:00:00"
"Europe/Sofia","EET","EET","EEST","EEST","+02:00:00","+01:00:00","-1;0;3","+03:00:00","-1;0;10","+04:00:00"
"Europe/Stockholm","CET","CET","CEST","CEST","+01:00:00","+01:00:00","-1;0;3","+02:00:00","-1;0;10","+03:00:00"
"Europe/Tallinn","EET","EET","EEST","EEST","+02:00:00","+01:00:00","-1;0;3","+03:00:00","-1;0;10","+04:00:00"
"Europe/Tirane","CET","CET","CEST","CEST","+01:00:00","+01:00:00","-1;0;3","+02:00:00","-1;0;10","+03:00:00"
"Europe/Ulyanovsk","+04","+04","","","+04:00:00","+00:00:00","","","","+00:00:00"
"Europe/Vaduz","CET","CET","CEST","CEST","+01:00:00","+01:00:00","-1;0;3","+02:00:00","-1;0;10","+03:00:00"
"Europe/Vienna","CET","CET","CEST","CEST","+01:00:00","+01:00:00","-1;0;3","+02:00:00","-1;0;10","+03:00:00"
"Europe/Vilnius","EET","EET","EEST","EEST","+02:00:00","+01:00:00","-1;0;3","+03:00:00","-1;0;10","+04:00:00"
"Europe/Volgograd","MSK","MSK","","","+03:00:00","+00:00:00","","","","+00:00:00"
"Europe/Warsaw","CET","CET","CEST","CEST","+01:00:00","+01:00:00","-1;0;3","+02:00:00","-1;0;10","+03:00:00"
"Europe/Zagreb","CET","CET","CEST","CEST","+01:00:00","+01:00:00","-1;0;3","+02:00:00","-1;0;10","+03:00:00"
"Europe/Zurich","CET","CET","CEST","CEST","+01:00:00","+01:00:00","-1;0;3","+02:00:00","-1;0;10","+03:00:00"
"Factory","-00","-00","","","+00:00:00","+00:00:00","","","","+00:00:00"
"HST","HST","HST","","","-10:00:00","+00:00:00","","","","+00:00:00"
"Indian/Antananarivo","EAT","EAT","","","+03:00:00","+00:00:00","","","","+00:00:00"
"Indian/Chagos","+06","+06","","","+06:00:00","+00:00:00","","","","+00:00:00"
"Indian/Christmas","+07","+07","","","+07:00:00","+00:00:00","","","","+00:00:00"
"Indian/Cocos","+0630","+0630","","","+06:30:00","+00:00:00","","","","+00:00:00"
"Indian/Comoro","EAT","EAT","","","+03:00:00","+00:00:00","","","","+00:00:00"
"Indian/Kerguelen","+05","+05","","","+05:00:00","+00:00:00","","","","+00:00:00"
"Indian/Mahe","+04","+04","","","+04:00:00","+00:00:00","","","","+00:00:00"
"Indian/Maldives","+05","+05","","","+05:00:00","+00:00:00","","","","+00:00:00"
"Indian/Mauritius","+04","+04","","","+04:00:00","+00:00:00","","","","+00:00:00"
"Indian/Mayotte","EAT","EAT","","","+03:00:00","+00:00:00","","","","+00:00:00"
"Indian/Reunion","+04","+04","","","+04:00:00","+00:00:00","","","","+00:00:00"
"MET","MET","MET","MEST","MEST","+01:00:00","+01:00:00","-1;0;3","+02:00:00","-1;0;10","+03:00:00"
"MST","MST","MST","","","-07:00:00","+00:00:00","","","","+00:00:00"
"MST7MDT","MST","MST","MDT","MDT","-07:00:00","+01:00:00","2;0;3","+02:00:00","1;0;11","+02:00:00"
"Pacific/Apia","+13","+13","","","+13:00:00","+00:00:00","","","","+00:00:00"
"Pacific/Auckland","NZST","NZST","NZDT","NZDT","+12:00:00","+01:00:00","-1;0;9","+02:00:00","1;0;4","+03:00:00"
"Pacific/Bougainville","+11","+11","","","+11:00:00","+00:00:00","","","","+00:00:00"
"Pacific/Chatham","+1245","+1245","+1345","+1345","+12:45:00","+01:00:00","-1;0;9","+02:45:00","1;0;4","+03:45:00"
"Pacific/Chuuk","+10","+10","","","+10:00:00","+00:00:00","","","","+00:00:00"
"Pacific/Easter","-06","-06","-05","-05","-06:00:00","+01:00:00","1;0;9","+21:00:00","1;0;4","+23:00:00"
"Pacific/Efate","+11","+11","","","+11:00:00","+00:00:00","","","","+00:00:00"
"Pacific/Fakaofo","+13","+13","","","+13:00:00","+00:00:00","","","","+00:00:00"
"Pacific/Fiji","+12","+12","","","+12:00:00","+00:00:00","","","","+00:00:00"
"Pacific/Funafuti","+12","+12","","","+12:00:00","+00:00:00","","","","+00:00:00"
"Pacific/Galapagos","-06","-06","","","-06:00:00","+00:00:00","","","","+00:00:00"
"Pacific/Gambier","-09","-09","","","-09:00:00","+00:00:00","","","","+00:00:00"
"Pacific/Guadalcanal","+11","+11","","","+11:00:00","+00:00:00","","","","+00:00:00"
"Pacific/Guam","ChST","ChST","","","+10:00:00","+00:00:00","","","","+00:00:00"
"Pacific/Honolulu","HST","HST","","","-10:00:00","+00:00:00","","","","+00:00:00"
"Pacific/Kanton","+13","+13","","","+13:00:00","+00:00:00","","","","+00:00:00"
"Pacific/Kiritimati","+14","+14","","","+14:00:00","+00:00:00","","","","+00:00:00"
"Pacific/Kosrae","+11","+11","","","+11:00:00","+00:00:00","","","","+00:00:00"
"Pacific/Kwajalein","+12","+12","","","+12:00:00","+00:00:00","","","","+00:00:00"
"Pacific/Majuro","+12","+12","","","+12:00:00","+00:00:00","","","","+00:00:00"
"Pacific/Marquesas","-0930","-0930","","","-09:30:00","+00:00:00","","","","+00:00:00"
"Pacific/Midway","SST","SST","","","-11:00:00","+00:00:00","","","","+00:00:00"
"Pacific/Nauru","+12","+12","","","+12:00:00","+00:00:00","","","","+00:00:00"
"Pacific/Niue","-11","-11","","","-11:00:00","+00:00:00","","","","+00:00:00"
"Pacific/Norfolk","+11","+11","+12","+12","+11:00:00","+01:00:00","1;0;10","+02:00:00","1;0;4","+03:00:00"
"Pacific/Noumea","+11","+11","","","+11:00:00","+00:00:00","","","","+00:00:00"
"Pacific/Pago_Pago","SST","SST","","","-11:00:00","+00:00:00","","","","+00:00:00"
"Pacific/Palau","+09","+09","","","+09:00:00","+00:00:00","","","","+00:00:00"
"Pacific/Pitcairn","-08","-08","","","-08:00:00","+00:00:00","","","","+00:00:00"
"Pacific/Pohnpei","+11","+11","","","+11:00:00","+00:00:00","","","","+00:00:00"
"Pacific/Port_Moresby","+10","+10","","","+10:00:00","+00:00:00","","","","+00:00:00"
"Pacific/Rarotonga","-10","-10","","","-10:00:00","+00:00:00","","","","+00:00:00"
"Pacific/Saipan","ChST","ChST","","","+10:00:00","+00:00:00","","","","+00:00:00"
"Pacific/Tahiti","-10","-10","","","-10:00:00","+00:00:00","","","","+00:00:00"
"Pacific/Tarawa","+12","+12","","","+12:00:00","+00:00:00","","","","+00:00:00"
"Pacific/Tongatapu","+13","+13","","","+13:00:00","+00:00:00","","","","+00:00:00"
"Pacific/Wake","+12","+12","","","+12:00:00","+00:00:00","","","","+00:00:00"
"Pacific/Wallis","+12","+12","","","+12:00:00","+00:00:00","","","","+00:00:00"
"PST8PDT","PST","PST","PDT","PDT","-08:00:00","+01:00:00","2;0;3","+02:00:00","1;0;11","+02:00:00"
"WET","WET","WET","WEST","WEST","+00:00:00","+01:00:00","-1;0;3","+01:00:00","-1;0;10","+02:00:00"
